"0","dat <- orderFrequencies %>% filter(Year == 2002)"
"0","ggplot(data = dat, aes(x = Order, y = Total2, colour = as.factor(Year))) +"
"0","    geom_point(size = 0.5, alpha = .7, colour = ""orange"") +"
"0","    geom_point(size = 0.5, aes(y = Other), colour = ""blue"", alpha = .7) +"
"0","    geom_point(size = 0.5, aes(y = Examiner), colour = ""red"", alpha = .7) +"
"0","    scale_x_log10("
"0","        breaks = scales::trans_breaks(""log10"", function(x) 10^x),"
"0","        labels = scales::trans_format(""log10"", scales::math_format(10^.x))"
"0","    ) +"
"0","    scale_y_log10("
"0","        breaks = scales::trans_breaks(""log10"", function(x) 10^x),"
"0","        labels = scales::trans_format(""log10"", scales::math_format(10^.x)),"
"0","        limits = c(1, 5e4)"
"0","    ) +"
"0","    stat_function(fun = function(x) lm_func(x)$func, "
"0","                  geom = 'line', colour = ""orange"") +"
"0","    stat_function(fun = function(x) lm_func(x, var = ""Other"")$func, "
"0","                  geom = 'line', colour = ""blue"") +"
"0","    stat_function(fun = function(x) lm_func(x, var = ""Examiner"", xmax = 90)$func, "
"0","                  geom = 'line', colour = ""red"") +"
"0","    theme_bw() +"
"0","    annotation_logticks()"
"2","Warning:"
"2"," Removed 1 rows containing missing values (geom_point).
"
"2","Warning:"
"2"," Removed 42 rows containing missing values (geom_path).
"
"2","Warning:"
"2"," Removed 37 rows containing missing values (geom_path).
"
"2","Warning:"
"2"," Removed 69 rows containing missing values (geom_path).
"
